{
	"credit": "Made with Blockbench",
	"textures": {
		"particle": "#texture"
	},
	"elements": [
		{
			"from": [5, 0, 5],
			"to": [11, 1, 11],
			"rotation": {"angle": 0, "axis": "y", "origin": [8, 8, 7]},
			"faces": {
				"north": {"uv": [5, 14, 11, 16], "texture": "#texture"},
				"east": {"uv": [6, 14, 10, 16], "texture": "#texture"},
				"south": {"uv": [5, 14, 11, 16], "texture": "#texture"},
				"west": {"uv": [6, 14, 10, 16], "texture": "#texture"},
				"up": {"uv": [5, 10, 11, 6], "texture": "#texture"},
				"down": {"uv": [5, 6, 11, 10], "texture": "#texture", "cullface": "down"}
			}
		},
		{
			"from": [9, -2, 9],
			"to": [13, 2, 15],
			"rotation": {"angle": -22.5, "axis": "x", "origin": [12, 6, 11]},
			"faces": {
				"north": {"uv": [5, 14, 11, 16], "texture": "#texture"},
				"east": {"uv": [6, 14, 10, 16], "texture": "#texture"},
				"south": {"uv": [5, 14, 11, 16], "texture": "#texture"},
				"west": {"uv": [6, 14, 10, 16], "texture": "#texture"},
				"up": {"uv": [5, 10, 11, 6], "texture": "#texture"},
				"down": {"uv": [5, 6, 11, 10], "texture": "#texture", "cullface": "down"}
			}
		},
		{
			"from": [-1, -1, 6],
			"to": [3, 1, 10],
			"rotation": {"angle": 0, "axis": "x", "origin": [2, 7, 8]},
			"faces": {
				"north": {"uv": [5, 14, 11, 16], "texture": "#texture"},
				"east": {"uv": [6, 14, 10, 16], "texture": "#texture"},
				"south": {"uv": [5, 14, 11, 16], "texture": "#texture"},
				"west": {"uv": [6, 14, 10, 16], "texture": "#texture"},
				"up": {"uv": [5, 10, 11, 6], "texture": "#texture"},
				"down": {"uv": [5, 6, 11, 10], "texture": "#texture", "cullface": "down"}
			}
		},
		{
			"from": [11, 2, -1],
			"to": [15, 6, 3],
			"rotation": {"angle": -45, "axis": "z", "origin": [7, 5, 1]},
			"faces": {
				"north": {"uv": [5, 14, 11, 16], "rotation": 90, "texture": "#texture"},
				"east": {"uv": [5, 6, 11, 10], "rotation": 270, "texture": "#texture", "cullface": "down"},
				"south": {"uv": [5, 14, 11, 16], "rotation": 270, "texture": "#texture"},
				"west": {"uv": [5, 10, 11, 6], "rotation": 270, "texture": "#texture"},
				"up": {"uv": [6, 14, 10, 16], "rotation": 270, "texture": "#texture"},
				"down": {"uv": [6, 14, 10, 16], "rotation": 270, "texture": "#texture", "cullface": "down"}
			}
		}
	]
}