{
	"credit": "Made with Blockbench",
	"ambientocclusion": false,
	"textures": {
		"particle": "#cross"
	},
	"elements": [
		{
			"from": [-3.2, 0, 6],
			"to": [11.2, 16, 6],
			"shade": false,
			"rotation": {"angle": 45, "axis": "y", "origin": [4, 8, 6], "rescale": true},
			"faces": {
				"north": {"uv": [0, 0, 16, 16], "texture": "#cross"},
				"south": {"uv": [0, 0, 16, 16], "texture": "#cross"}
			}
		},
		{
			"from": [4, 0, -1.2],
			"to": [4, 16, 13.2],
			"shade": false,
			"rotation": {"angle": 45, "axis": "y", "origin": [4, 8, 6], "rescale": true},
			"faces": {
				"east": {"uv": [0, 0, 16, 16], "texture": "#cross"},
				"west": {"uv": [0, 0, 16, 16], "texture": "#cross"}
			}
		},
		{
			"from": [7.8, 0, 10],
			"to": [22.2, 16, 10],
			"shade": false,
			"rotation": {"angle": 45, "axis": "y", "origin": [15, 8, 10], "rescale": true},
			"faces": {
				"north": {"uv": [0, 0, 16, 16], "texture": "#cross"},
				"south": {"uv": [0, 0, 16, 16], "texture": "#cross"}
			}
		},
		{
			"from": [15, 0, 2.8],
			"to": [15, 16, 17.2],
			"shade": false,
			"rotation": {"angle": 45, "axis": "y", "origin": [15, 8, 10], "rescale": true},
			"faces": {
				"east": {"uv": [0, 0, 16, 16], "texture": "#cross"},
				"west": {"uv": [0, 0, 16, 16], "texture": "#cross"}
			}
		}
	],
	"groups": [
		{
			"name": "group",
			"origin": [8, 8, 8],
			"children": [0, 1]
		},
		{
			"name": "group",
			"origin": [8, 8, 8],
			"children": [2, 3]
		}
	]
}