{
	"credit": "Made with Blockbench",
	"parent": "block/block",
	"textures": {
		"particle": "#all"
	},
	"elements": [
		{
			"from": [0, 0, 0],
			"to": [16, 16, 16],
			"faces": {
				"north": {"uv": [0, 0, 16, 16], "texture": "#all", "cullface": "north", "tintindex": 0},
				"east": {"uv": [0, 0, 16, 16], "texture": "#all", "cullface": "east", "tintindex": 0},
				"south": {"uv": [0, 0, 16, 16], "texture": "#all", "cullface": "south", "tintindex": 0},
				"west": {"uv": [0, 0, 16, 16], "texture": "#all", "cullface": "west", "tintindex": 0},
				"up": {"uv": [0, 0, 16, 16], "texture": "#all", "cullface": "up", "tintindex": 0},
				"down": {"uv": [0, 0, 16, 16], "texture": "#all", "cullface": "down", "tintindex": 0}
			}
		},
		{
			"from": [-7, 8.70711, -6.58579],
			"to": [25, 8.70711, 25.41421],
			"shade": false,
			"rotation": {"angle": -22.5, "axis": "x", "origin": [9, 7, 9], "rescale": true},
			"faces": {
				"up": {"uv": [0, 0, 16, 16], "rotation": 180, "texture": "#bushy", "tintindex": 1},
				"down": {"uv": [0, 0, 16, 16], "texture": "#bushy", "tintindex": 1}
			}
		},
		{
			"from": [-7, 9, -8],
			"to": [25, 9, 24],
			"shade": false,
			"rotation": {"angle": 22.5, "axis": "x", "origin": [9, 9, 8], "rescale": true},
			"faces": {
				"up": {"uv": [0, 0, 16, 16], "texture": "#bushy", "tintindex": 1},
				"down": {"uv": [0, 0, 16, 16], "rotation": 180, "texture": "#bushy", "tintindex": 1}
			}
		}
	]
}