{
	"credit": "Made with Blockbench",
	"ambientocclusion": false,
	"textures": {
		"particle": "block/cobblestone",
		"base": "block/cobblestone",
		"lever": "block/lever"
	},
	"elements": [
		{
			"from": [6, -0.25, 4],
			"to": [10, 2.75, 12],
			"rotation": {"angle": 0, "axis": "y", "origin": [8, 7.75, 8]},
			"faces": {
				"north": {"uv": [6, 0, 10, 3], "texture": "#base"},
				"east": {"uv": [4, 0, 12, 3], "texture": "#base"},
				"south": {"uv": [6, 0, 10, 3], "texture": "#base"},
				"west": {"uv": [4, 0, 12, 3], "texture": "#base"},
				"up": {"uv": [6, 4, 10, 12], "texture": "#base"},
				"down": {"uv": [6, 4, 10, 12], "texture": "#base", "cullface": "down"}
			}
		},
		{
			"from": [7, 1, 9],
			"to": [9, 16, 11],
			"rotation": {"angle": 45, "axis": "x", "origin": [8, 3, 10]},
			"faces": {
				"north": {"uv": [14, 0, 16, 16], "texture": "#lever"},
				"east": {"uv": [14, 0, 16, 15], "texture": "#lever"},
				"south": {"uv": [14, 0, 16, 16], "texture": "#lever"},
				"west": {"uv": [14, 0, 16, 16], "texture": "#lever"},
				"up": {"uv": [14, 0, 16, 2], "texture": "#lever"}
			}
		},
		{
			"from": [10, -7, 5.05],
			"to": [11, 3, 15.05],
			"rotation": {"angle": 45, "axis": "x", "origin": [10.55, 1, 12.15]},
			"faces": {
				"north": {"uv": [2, 3, 3, 13], "texture": "#lever"},
				"east": {"uv": [2, 3, 12, 13], "texture": "#lever"},
				"south": {"uv": [11, 3, 12, 13], "texture": "#lever"},
				"west": {"uv": [2, 3, 12, 13], "texture": "#lever"},
				"up": {"uv": [11, 3, 12, 13], "texture": "#lever"},
				"down": {"uv": [2, 3, 3, 13], "texture": "#lever"}
			}
		},
		{
			"from": [5, -7, 5.05],
			"to": [6, 3, 15.05],
			"rotation": {"angle": 45, "axis": "x", "origin": [12.6, 1, 12.15]},
			"faces": {
				"north": {"uv": [2, 3, 3, 13], "texture": "#lever"},
				"east": {"uv": [2, 3, 12, 13], "texture": "#lever"},
				"south": {"uv": [11, 3, 12, 13], "texture": "#lever"},
				"west": {"uv": [2, 3, 12, 13], "texture": "#lever"},
				"up": {"uv": [11, 3, 12, 13], "texture": "#lever"},
				"down": {"uv": [2, 3, 3, 13], "texture": "#lever"}
			}
		}
	]
}