{
	"credit": "Made with Blockbench",
	"parent": "block/tinted_cross",
	"textures": {
        "particle":"block/grass",
		"grass": "block/grass2"
	},
	"elements": [
		{
			"name": "1a",
			"from": [8, 0, 0],
			"to": [8, 16, 16],
			"shade": false,
			"rotation": {"angle": 22.5, "axis": "y", "origin": [8, 8, 8]},
			"faces": {
				"north": {"uv": [0, 0, 0, 16], "texture": "#grass", "tintindex": 0},
				"east": {"uv": [0, 0, 16, 16], "texture": "#grass", "tintindex": 0},
				"south": {"uv": [0, 0, 0, 16], "texture": "#grass", "tintindex": 0},
				"west": {"uv": [0, 0, 16, 16], "texture": "#grass", "tintindex": 0},
				"up": {"uv": [0, 0, 16, 0], "rotation": 90, "texture": "#grass", "tintindex": 0},
				"down": {"uv": [0, 0, 16, 0], "rotation": 270, "texture": "#grass", "tintindex": 0}
			}
		},
		{
			"from": [0, 0, 8],
			"to": [16, 16, 8],
			"shade": false,
			"rotation": {"angle": 22.5, "axis": "y", "origin": [8, 8, 8]},
			"faces": {
				"north": {"uv": [0, 0, 16, 16], "texture": "#grass", "tintindex": 0},
				"east": {"uv": [0, 0, 0, 16], "texture": "#grass", "tintindex": 0},
				"south": {"uv": [0, 0, 16, 16], "texture": "#grass", "tintindex": 0},
				"west": {"uv": [0, 0, 0, 16], "texture": "#grass", "tintindex": 0},
				"up": {"uv": [0, 0, 16, 0], "rotation": 180, "texture": "#grass", "tintindex": 0},
				"down": {"uv": [0, 0, 16, 0], "rotation": 180, "texture": "#grass", "tintindex": 0}
			}
		},
		{
			"name": "1b",
			"from": [0, 0, 8],
			"to": [16, 16, 8],
			"shade": false,
			"rotation": {"angle": -22.5, "axis": "y", "origin": [8, 8, 8]},
			"faces": {
				"north": {"uv": [0, 0, 16, 16], "texture": "#grass", "tintindex": 0},
				"east": {"uv": [0, 0, 0, 16], "texture": "#grass", "tintindex": 0},
				"south": {"uv": [0, 0, 16, 16], "texture": "#grass", "tintindex": 0},
				"west": {"uv": [0, 0, 0, 16], "texture": "#grass", "tintindex": 0},
				"up": {"uv": [0, 0, 16, 0], "texture": "#grass", "tintindex": 0},
				"down": {"uv": [0, 0, 16, 0], "texture": "#grass", "tintindex": 0}
			}
		},
		{
			"from": [8, 0, 0],
			"to": [8, 16, 16],
			"shade": false,
			"rotation": {"angle": -22.5, "axis": "y", "origin": [8, 8, 8]},
			"faces": {
				"north": {"uv": [0, 0, 0, 16], "texture": "#grass", "tintindex": 0},
				"east": {"uv": [0, 0, 16, 16], "texture": "#grass", "tintindex": 0},
				"south": {"uv": [0, 0, 0, 16], "texture": "#grass", "tintindex": 0},
				"west": {"uv": [0, 0, 16, 16], "texture": "#grass", "tintindex": 0},
				"up": {"uv": [0, 0, 16, 0], "rotation": 90, "texture": "#grass", "tintindex": 0},
				"down": {"uv": [0, 0, 16, 0], "rotation": 270, "texture": "#grass", "tintindex": 0}
			}
		}
	],
	"groups": [
		{
			"name": "grass",
			"origin": [8, 8, 8],
			"children": [0, 1]
		},
		{
			"name": "grass",
			"origin": [8, 8, 8],
			"children": [2, 3]
		}
	]
}