{
	"ambientocclusion": false,
	"textures": {
		"particle": "#cross"
	},
	"elements": [
		{
			"from": [1.2, -16, 8],
			"to": [30, 16, 8],
			"shade": false,
			"rotation": {"angle": 45, "axis": "y", "origin": [16, -8, 16], "rescale": true},
			"faces": {
				"north": {"uv": [0, 0, 16, 16], "texture": "#cross","tintindex":0},
				"south": {"uv": [0, 0, 16, 16], "texture": "#cross","tintindex":0}
			}
		},
		{
			"from": [8, -16, 1.2],
			"to": [8, 16, 30],
			"shade": false,
			"rotation": {"angle": 45, "axis": "y", "origin": [0, -8, 16], "rescale": true},
			"faces": {
				"east": {"uv": [0, 0, 16, 16], "texture": "#cross","tintindex":0},
				"west": {"uv": [0, 0, 16, 16], "texture": "#cross","tintindex":0}
			}
		}
	]
}