{
	"credit": "Made with Blockbench",
	"ambientocclusion": false,
	"textures": {
		"particle": "#sapling"
	},
	"elements": [
		{
			"from": [1.2, 0, 8],
			"to": [30, 32, 8],
			"shade": false,
			"rotation": {"angle": 45, "axis": "y", "origin": [16, 8, 16], "rescale": true},
			"faces": {
				"north": {"uv": [0, 0, 16, 16], "texture": "#sapling", "tintindex": 0},
				"south": {"uv": [0, 0, 16, 16], "texture": "#sapling", "tintindex": 0}
			}
		},
		{
			"from": [8, 0, 1.2],
			"to": [8, 32, 30],
			"shade": false,
			"rotation": {"angle": 45, "axis": "y", "origin": [0, 8, 16], "rescale": true},
			"faces": {
				"east": {"uv": [0, 0, 16, 16], "texture": "#sapling", "tintindex": 0},
				"west": {"uv": [0, 0, 16, 16], "texture": "#sapling", "tintindex": 0}
			}
		}
	]
}