{
    "variants": {
        "": [
            { "model": "block/bookshelf", "weight":3 },
            { "model": "block/bookshelf1", "weight":3 },
            { "model": "block/bookshelf2", "weight":3 },
            { "model": "block/bookshelf3", "weight":2 },
            { "model": "block/bookshelf4", "weight":2 },
            { "model": "block/bookshelf5", "weight":1 },
            { "model": "block/bookshelf6", "weight":1 },
            { "model": "block/bookshelf7", "weight":3 }
            ]
    }
}
