{
    "variants": {
        "type=bottom": 
        [
                    { "model": "block/petrified_oak_slab" },
                    { "model": "block/petrified_oak_slab1" },
                    { "model": "block/petrified_oak_slab2" },
                    { "model": "block/petrified_oak_slab3" }
        ],
        "type=top": 
        [
                    { "model": "block/petrified_oak_slab_top" },
                    { "model": "block/petrified_oak_slab_top1" },
                    { "model": "block/petrified_oak_slab_top2" },
                    { "model": "block/petrified_oak_slab_top3" }
        ],
        "type=double": 
        [
                    { "model": "block/dirty_rock_coarse" },
                    { "model": "block/dirty_rock_coarse", "y":90 },
                    { "model": "block/dirty_rock_coarse", "y":180 },
                    { "model": "block/dirty_rock_coarse", "y":270 },
            
                    { "model": "block/dirty_rock" },
                    { "model": "block/dirty_rock", "y":90 },
                    { "model": "block/dirty_rock", "y":180 },
                    { "model": "block/dirty_rock", "y":270 },
            
                    { "model": "block/dirty_rock1" },
                    { "model": "block/dirty_rock1", "y":90 },
                    { "model": "block/dirty_rock1", "y":180 },
                    { "model": "block/dirty_rock1", "y":270 }
        ]
    }
}
