{
  "variants": {
    "type=bottom": 
      [
        {"model": "minecraft:block/stone_brick_slab"},
        {"model": "minecraft:block/stone_brick_slab1"},
        {"model": "minecraft:block/stone_brick_slab2"}
      ],
    "type=double": {
      "model": "minecraft:block/stone_column"
    },
    "type=top": 
    [
        {"model": "minecraft:block/stone_brick_slab_top"},
        {"model": "minecraft:block/stone_brick_slab_top1"},
        {"model": "minecraft:block/stone_brick_slab_top2"}
    ]
  }
}