{
  "variants": {
    "face=ceiling,facing=east,powered=false": {
      "model": "minecraft:block/stone_button",
      "y": 270,
      "x": 180
    },
    "face=ceiling,facing=east,powered=true": {
      "model": "minecraft:block/stone_button_pressed",
      "y": 270,
      "x": 180
    },
    "face=ceiling,facing=north,powered=false": {
      "model": "minecraft:block/stone_button",
      "y": 180,
      "x": 180
    },
    "face=ceiling,facing=north,powered=true": {
      "model": "minecraft:block/stone_button_pressed",
      "y": 180,
      "x": 180
    },
    "face=ceiling,facing=south,powered=false": {
      "model": "minecraft:block/stone_button",
      "x": 180
    },
    "face=ceiling,facing=south,powered=true": {
      "model": "minecraft:block/stone_button_pressed",
      "x": 180
    },
    "face=ceiling,facing=west,powered=false": {
      "model": "minecraft:block/stone_button",
      "y": 90,
      "x": 180
    },
    "face=ceiling,facing=west,powered=true": {
      "model": "minecraft:block/stone_button_pressed",
      "y": 90,
      "x": 180
    },
    "face=floor,facing=east,powered=false": [
        {
      "model": "minecraft:block/stone_button_pebbles",
            "y": 90
    },
        {
      "model": "minecraft:block/stone_button_pebbles1",
            "y": 90
    }
      ],
    "face=floor,facing=east,powered=true": [
        {
      "model": "minecraft:block/stone_button_pebbles_pressed",
            "y": 90
    },
        {
      "model": "minecraft:block/stone_button_pebbles_pressed1",
            "y": 90
    }
      ],
    "face=floor,facing=north,powered=false": 
      [
        {
      "model": "minecraft:block/stone_button_pebbles"
    },
        {
      "model": "minecraft:block/stone_button_pebbles1"
    }
      ],
    "face=floor,facing=north,powered=true":  [
        {
      "model": "minecraft:block/stone_button_pebbles_pressed"
    },
        {
      "model": "minecraft:block/stone_button_pebbles_pressed1"
    }
      ],
    "face=floor,facing=south,powered=false": [
        {
      "model": "minecraft:block/stone_button_pebbles",
            "y": 180
    },
        {
      "model": "minecraft:block/stone_button_pebbles1",
            "y": 180
    }
      ],
    "face=floor,facing=south,powered=true": [
        {
      "model": "minecraft:block/stone_button_pebbles_pressed",
            "y": 180
    },
        {
      "model": "minecraft:block/stone_button_pebbles_pressed1",
            "y": 180
    }
      ],
    "face=floor,facing=west,powered=false": [
        {
      "model": "minecraft:block/stone_button_pebbles",
            "y": 270
    },
        {
      "model": "minecraft:block/stone_button_pebbles1",
            "y": 270
    }
      ],
    "face=floor,facing=west,powered=true": [
        {
      "model": "minecraft:block/stone_button_pebbles_pressed",
            "y": 270
    },
        {
      "model": "minecraft:block/stone_button_pebbles_pressed1",
            "y": 270
    }
      ],
    "face=wall,facing=east,powered=false": {
      "model": "minecraft:block/stone_button",
      "y": 90,
      "x": 90,
      "uvlock": true
    },
    "face=wall,facing=east,powered=true": {
      "model": "minecraft:block/stone_button_pressed",
      "y": 90,
      "x": 90,
      "uvlock": true
    },
    "face=wall,facing=north,powered=false": {
      "model": "minecraft:block/stone_button",
      "x": 90,
      "uvlock": true
    },
    "face=wall,facing=north,powered=true": {
      "model": "minecraft:block/stone_button_pressed",
      "x": 90,
      "uvlock": true
    },
    "face=wall,facing=south,powered=false": {
      "model": "minecraft:block/stone_button",
      "y": 180,
      "x": 90,
      "uvlock": true
    },
    "face=wall,facing=south,powered=true": {
      "model": "minecraft:block/stone_button_pressed",
      "y": 180,
      "x": 90,
      "uvlock": true
    },
    "face=wall,facing=west,powered=false": {
      "model": "minecraft:block/stone_button",
      "y": 270,
      "x": 90,
      "uvlock": true
    },
    "face=wall,facing=west,powered=true": {
      "model": "minecraft:block/stone_button_pressed",
      "y": 270,
      "x": 90,
      "uvlock": true
    }
  }
}